id,isbn,title,published_date,description,price,copies_sold,author_id,publisher_id,genre,pages
1,9780439785969,Harry Potter and the Half-Blood Prince (Harry Potter  #6),9/16/2006,,12.6,81,1,1,Comedy|Romance,345
2,9780439358071,Harry Potter and the Order of the Phoenix (Harry Potter  #5),9/1/2004,,34.23,47,1,1,Horror|Mystery|Sci-Fi,400
3,9780439554893,Harry Potter and the Chamber of Secrets (Harry Potter  #2),11/1/2003,,41.32,54,1,1,Horror|Sci-Fi,420
4,9780439655484,Harry Potter and the Prisoner of Azkaban (Harry Potter  #3),5/1/2004,,40.61,92,1,1,Documentary,402
5,9780439682589,Harry Potter Boxed Set  Books 1-5 (Harry Potter  #1-5),9/13/2004,,18.9,70,1,1,Drama,200
6,9780976540601,"Unauthorized Harry Potter Book Seven News: ""Half-Blood Prince"" Analysis and Speculation",4/26/2005,,56.15,81,2,2,Action|Horror|Thriller,221
7,9780439827607,Harry Potter Collection (Harry Potter  #1-6),9/12/2005,,76.76,97,1,1,Action|Adventure|Fantasy|Sci-Fi,223
8,9780517226957,The Ultimate Hitchhiker's Guide: Five Complete Novels and One Story (Hitchhiker's Guide to the Galaxy  #1-5),11/1/2005,,50.67,40,3,3,Drama,300
9,9780345453747,The Ultimate Hitchhiker's Guide to the Galaxy (Hitchhiker's Guide to the Galaxy  #1-5),4/30/2002,,92.77,59,3,3,Adventure|Comedy|Romance,206
10,9781400052929,The Hitchhiker's Guide to the Galaxy (Hitchhiker's Guide to the Galaxy  #1),8/3/2004,,63.42,9,3,3,Comedy,182
11,9780739322208,The Hitchhiker's Guide to the Galaxy (Hitchhiker's Guide to the Galaxy  #1),3/23/2005,,30.24,18,3,3,Comedy|Drama,159
12,9780517149256,The Ultimate Hitchhiker's Guide (Hitchhiker's Guide to the Galaxy  #1-5),1/17/1996,,23.75,59,3,3,Animation|Children,135
13,9780767908184,A Short History of Nearly Everything,9/14/2004,,66.93,89,4,4,Action|Comedy,112
14,9780767915069,Bill Bryson's African Diary,12/3/2002,,61.07,49,4,4,Comedy|Drama,88
15,9780767910439,Bryson's Dictionary of Troublesome Words: A Writer's Guide to Getting It Right,9/14/2004,,36.08,31,4,4,Drama|Romance,64
16,9780767903868,In a Sunburned Country,5/15/2001,,32.66,59,4,4,Action|War,41
17,9780767903820,I'm a Stranger Here Myself: Notes on Returning to America After Twenty Years Away,6/28/2000,,98.29,97,4,4,Action|Adventure|Comedy|Romance,17
18,9780060920081,The Lost Continent: Travels in Small Town America,8/28/1990,,92.84,57,4,4,Comedy|Drama|Horror|Thriller,200
19,9780380713806,Neither Here nor There: Travels in Europe,3/28/1993,,59.07,56,4,4,Comedy|Crime|Drama|Mystery|Thriller,30
20,9780380727506,Notes from a Small Island,5/28/1997,,84.75,47,4,4,Horror|Mystery|Thriller,53
21,9780380715435,The Mother Tongue: English and How It Got That Way,9/28/1991,,1.65,50,4,4,Comedy,77
22,9780345538376,J.R.R. Tolkien 4-Book Boxed Set: The Hobbit and The Lord of the Rings,9/25/2012,,5.26,88,5,6,Action|Comedy,100
23,9780618517657,The Lord of the Rings (The Lord of the Rings  #1-3),10/21/2004,,95.1,59,5,6,Comedy,124
24,9780618346257,The Fellowship of the Ring (The Lord of the Rings  #1),9/5/2003,,20.47,65,5,6,Adventure|Drama|Western,148
25,9780618260584,The Lord of the Rings (The Lord of the Rings  #1-3),10/1/2002,,70.47,41,5,6,Documentary,171
26,9780618391004,The Lord of the Rings: Weapons and Warfare,11/5/2003,,43.45,45,6,6,Comedy,195
27,9780618510825,The Lord of the Rings: Complete Visual Companion,11/15/2004,,44.29,46,7,20,Sci-Fi,218
28,9780976694007,Agile Web Development with Rails: A Pragmatic Guide,7/28/2005,,28.56,75,9,20,Documentary,242
29,9780689840920,Hatchet (Brian's Saga  #1),4/1/2000,,25.94,2,10,98,(no genres listed),266
30,9781557344496,"Hatchet: A Guide for Using ""Hatchet"" in the Classroom",8/28/1994,,24.68,82,11,98,Animation|Children|Fantasy|Romance,289
31,9780385326506,Guts: The True Stories behind Hatchet and the Brian Books,1/23/2001,,74.62,69,11,30,Comedy|Crime|Drama|Thriller,313
32,9781575606248,Molly Hatchet - 5 of the Best,6/10/2003,,46.02,62,12,31,Action,336
33,9781595580276,Hatchet Jobs: Writings on Contemporary Fiction,11/1/2005,,20.91,53,12,32,Western,360
34,9781595962805,A Changeling for All Seasons (Changeling Seasons #1),11/1/2005,,73.9,19,12,33,Drama|Fantasy|Mystery,385
35,9780670059676,Changeling (Changeling  #1),8/17/2006,,17.22,5,13,34,Action|Comedy|Drama,411
36,9780141312620,The Changeling Sea,4/14/2003,,34.37,26,13,35,Documentary,435
37,9780595321803,The Changeling,6/8/2004,,88.34,6,13,36,Drama,412
38,9781590301944,The Changeling,4/12/2005,,29.6,55,13,37,Drama,432
39,9780449146972,The Changeling (Daughters of England  #15),8/28/1990,,85.93,47,14,38,Crime|Thriller,23
40,9780061159176,The Known World,8/29/2006,,15.7,51,14,39,Drama|Sci-Fi,123
41,9780060762735,The Known World,6/15/2004,,17.02,30,14,40,Documentary|Drama,321
42,9780060749910,The Known World,6/15/2004,,66.27,83,14,41,Crime|Drama|Romance,432
43,9780273704744,Traders  Guns & Money: Knowns and Unknowns in the Dazzling World of Derivatives,5/15/2006,,44.66,28,14,42,Action|Adventure|Thriller,234
44,9781932386103,Artesia: Adventures in the Known World,12/14/2005,,40.6,69,15,43,Documentary,543
45,9780374517199,The John McPhee Reader (John McPhee Reader  #1),6/1/1982,,33.8,65,15,43,Comedy,342
46,9780374280390,Uncommon Carriers,5/16/2006,,41.89,18,15,20,Drama,122
47,9780374519742,Heirs of General Practice,4/1/1986,,62.54,12,15,21,Drama|Mystery,123
48,9780374522599,The Control of Nature,9/1/1990,,6.9,24,15,22,Documentary,153
49,9780374518738,Annals of the Former World,1/6/1999,,49.11,28,16,23,Crime|Drama|Thriller,177
50,9780374522872,Coming Into the Country,4/1/1991,,70.4,62,16,24,Crime|Mystery,78
51,9780374519322,La Place de la Concorde Suisse,4/1/1994,,51.66,53,16,25,Comedy,345
52,9780374516000,Giving Good Weight,4/1/1994,,70.26,71,16,26,Drama,345
53,9780374520656,Rising from the Plains,11/1/1987,,58.11,26,17,27,Crime,856
54,9780822205104,The Heidi Chronicles,3/1/2002,,22.8,42,17,38,Drama,345
55,9780679734994,The Heidi Chronicles: Uncommon Women and Others & Isn't It Romantic,7/2/1991,,23.37,19,17,29,Action|Sci-Fi,356
56,9781596670235,Active Literacy Across the Curriculum: Strategies for Reading  Writing  Speaking  and Listening,3/29/2006,,8.63,87,17,30,Drama,345
57,9781581807745,Simply Beautiful Beaded Jewelry,3/14/2006,,65.77,95,18,31,Crime|Drama|Romance,123
58,9780800793616,Always Enough: God's Miraculous Provision Among the Poorest Children on Earth,9/1/2003,,44.22,79,18,50,Romance,432
59,9780871202864,Mapping the Big Picture: Integrating Curriculum & Assessment K-12,1/28/1997,,24.2,70,18,51,Horror,234
60,9780753454947,Heidi (Heidi  #1-2),11/15/2002,,26.56,98,19,52,Mystery|Thriller,374
61,9780871209993,Getting Results with Curriculum Mapping,11/15/2004,,98.44,28,19,53,War,429
62,9781852402877,There's Always Enough: The Miraculous Move of God in Mozambique,4/28/2003,,83.46,90,20,54,Comedy,485
63,9780761129585,What to Expect the First Year (What to Expect),10/16/2003,,47,77,20,55,Animation|Children|Comedy,541
64,9780972016414,The Player's Handbook: The Ultimate Guide on Dating and Relationships,5/10/2004,,97.28,95,21,56,Romance,596
65,9781581805635,Simply Beautiful Beading: 53 Quick and Easy Projects,8/19/2004,,22.17,37,21,57,Drama|Horror|Thriller,652
66,9780441294671,God Emperor of Dune (Dune Chronicles  #4),6/15/1987,,60.09,20,22,58,Adventure|Children|Documentary|Drama,707
67,9780441102679,Chapterhouse: Dune (Dune Chronicles #6),7/1/1987,,25.32,1,22,59,Action|Crime|Drama,763
68,9780441172696,Dune Messiah (Dune Chronicles #2),7/15/1987,,63.98,14,23,60,Comedy,818
69,9780765306470,Dreamer of Dune: The Biography of Frank Herbert,7/1/2004,,19.79,69,25,61,Drama,874
70,9780399128981,Heretics of Dune (Dune Chronicles  #5),4/16/1984,,48.66,34,24,62,Drama,929
71,9780765353702,The Road to Dune,8/29/2006,,90.24,21,26,63,Action|Drama|Thriller,985
72,9780441328000,Heretics of Dune (Dune Chronicles #5),8/15/1987,,40.59,11,27,80,Comedy|Musical|Romance,234
73,9780618212903,The Lord of the Rings: The Art of the Fellowship of the Ring,6/12/2002,,69.98,26,28,8,Drama,543
74,9780345410054,The Power of One (The Power of One  #1),9/29/1996,,69.56,46,29,81,Drama|Fantasy|Romance,233
75,9780385732543,The Power of One (The Power of One  #1),9/13/2005,,75.39,21,39,82,Crime|Drama,23
76,9780785260059,The Power of One: One Person  One Rule  One Month,11/1/2004,,9.73,96,49,83,Documentary,53
77,9780471780939,Power of an Hour: Business and Life Mastery in One Hour a Week,5/19/2006,,26,94,40,84,Drama|Romance,234
78,9780325001531,The Power of One: The Solo Play for Playwrights  Actors  and Directors,2/7/2000,,44.41,65,40,85,Drama|Romance,543
79,9780060762872,How to Buy  Sell & Profit on eBay: Kick-Start Your Home-Based Business in Just Thirty Days,5/3/2005,,82.18,42,41,86,Drama,467
80,9780470045299,eBay for Dummies,10/30/2006,,23.86,37,41,87,Drama,550
81,9780072262780,What to Sell on ebay and Where to Get It: The Definitive Guide to Product Sourcing for eBay and Beyond,1/24/2006,,68.04,18,20,88,Documentary,633
82,9780764569241,Starting an eBay Business for Dummies,9/17/2004,,23.91,64,20,89,Comedy|Romance,716
83,9780471933823,eBay: Top 100 Simplified Tips & Tricks,6/6/2006,,89.4,21,46,90,Horror|Mystery|Sci-Fi,799
84,9780764559914,ebay Timesaving Techniques for Dummies,5/31/2004,,83.61,80,23,11,Horror|Sci-Fi,234
85,9780764584381,eBay Business All-in-One Desk Reference for Dummies,4/25/2005,,76.94,20,42,12,Documentary,34
86,9780596523695,Ruby Cookbook,7/29/2006,,29.36,90,42,13,Drama,345
87,9780806523491,Ruby Ann's Down Home Trailer Park Cookbook,5/3/2005,,15.4,61,43,14,Action|Horror|Thriller,315
88,9780806525365,Ruby Ann's Down Home Trailer Park BBQin' Cookbook,5/3/2005,,4.6,5,47,15,Action|Adventure|Fantasy|Sci-Fi,371
89,9780596527310,Rails Cookbook: Recipes for Rapid Web Development with Ruby,1/1/2007,,20.27,86,47,16,Drama,426
90,9780143035008,Anna Karenina,5/31/2004,,68.48,89,31,17,Adventure|Comedy|Romance,482
91,9780451528612,Anna Karenina,11/5/2002,,4.18,33,31,18,Comedy,537
92,9780140449174,Anna Karenina,1/30/2003,,64.65,32,32,19,Comedy|Drama,593
93,9780822001836,CliffsNotes on Tolstoy's Anna Karenina,11/26/1965,,95.71,21,33,20,Animation|Children,648
94,9781593080273,Anna Karenina,7/1/2003,,50.38,66,34,41,Action|Comedy,704
95,9780486437965,Anna Karenina,11/23/2004,,43.68,25,35,42,Comedy|Drama,759
96,9781593081775,Anna Karenina,8/26/2004,,29.44,86,36,43,Drama|Romance,815
97,9780778322276,Dinner with Anna Karenina,1/28/2006,,6.46,28,37,44,Action|War,870